{
    "camera_id":28,
    "camera_name":"南10",
    "camera_no":"45",
    "height":737,
    "id":28,
    "name":"南10",
    "no":"45",
    "rtsp_url":"rtsp://admin:pb123456@172.153.100.45:554/cam/realmonitor?channel=1&amp;subtype=0",
    "width":1310,
    "zones":[
        {
            "classification":{
                "name":"报警区域",
                "id":2
            },
            "name":"339",
            "no":"339",
            "points":[
                [
                    199,
                    452
                ],
                [
                    312,
                    449
                ],
                [
                    370,
                    316
                ],
                [
                    280,
                    322
                ]
            ],
            "translate_x":0,
            "translate_y":2,
            "translates":[
                [
                    -14,
                    -60
                ],
                [
                    -13,
                    -60
                ],
                [
                    -2,
                    -54
                ],
                [
                    -9,
                    -52
                ]
            ]
        },
        {
            "classification":{
                "name":"报警区域",
                "id":2
            },
            "name":"340",
            "no":"340",
            "points":[
                [
                    315,
                    450
                ],
                [
                    438,
                    445
                ],
                [
                    473,
                    313
                ],
                [
                    373,
                    320
                ]
            ],
            "translate_x":0,
            "translate_y":2,
            "translates":[
                [
                    -10,
                    -60
                ],
                [
                    -4,
                    -60
                ],
                [
                    -2,
                    -57
                ],
                [
                    -5,
                    -59
                ]
            ]
        }
    ]
}