{
    "camera_id":28,
    "camera_name":"南10",
    "camera_no":"45",
    "height":737,
    "id":28,
    "name":"南10",
    "no":"45",
    "rtsp_url":"rtsp://admin:pb123456@172.153.100.45:554/cam/realmonitor?channel=1&amp;subtype=0",
    "width":1310,
    "zones":[
        {
            "classification":{
                "name":"报警区域",
                "id":2
            },
            "name":"339",
            "no":"339",
            "points":[
                [
                    474,
                    182
                ],
                [
                    644,
                    712
                ],
                [
                    1136,
                    712
                ],
                [
                    706,
                    152
                ]
            ],
            "translate_x":0,
            "translate_y":2,
            "translates":[
                [
                    -14,
                    -60
                ],
                [
                    -13,
                    -60
                ],
                [
                    -2,
                    -54
                ],
                [
                    -9,
                    -52
                ]
            ]
        },
    ]
}